date,index_name,index_value
2019-01-01,Nifty 100 TRI,9864.59
2019-01-02,Nifty 100 TRI,9843.93
2019-01-03,Nifty 100 TRI,9759.85
2019-01-04,Nifty 100 TRI,9825.69
2019-01-07,Nifty 100 TRI,9969.82
2019-01-08,Nifty 100 TRI,9838.26
2019-01-09,Nifty 100 TRI,10026.52
2019-01-10,Nifty 100 TRI,10015.35
2019-01-11,Nifty 100 TRI,9910.93
2019-01-14,Nifty 100 TRI,9996.52
2019-01-15,Nifty 100 TRI,9950.42
2019-01-16,Nifty 100 TRI,9944.46
2019-01-17,Nifty 100 TRI,9903.22
2019-01-18,Nifty 100 TRI,9817.22
2019-01-21,Nifty 100 TRI,9898.35
2019-01-22,Nifty 100 TRI,9870.15
2019-01-23,Nifty 100 TRI,9717.13
2019-01-24,Nifty 100 TRI,9778.95
2019-01-25,Nifty 100 TRI,9652.2
2019-01-28,Nifty 100 TRI,9532.65
2019-01-29,Nifty 100 TRI,9660.56
2019-01-30,Nifty 100 TRI,9536.33
2019-01-31,Nifty 100 TRI,9296.2
2019-02-01,Nifty 100 TRI,9362.68
2019-02-04,Nifty 100 TRI,9334.19
2019-02-05,Nifty 100 TRI,9314.64
2019-02-06,Nifty 100 TRI,9285.21
2019-02-07,Nifty 100 TRI,9311.66
2019-02-08,Nifty 100 TRI,9237.36
2019-02-11,Nifty 100 TRI,9390.12
2019-02-12,Nifty 100 TRI,9240.45
2019-02-13,Nifty 100 TRI,9288.44
2019-02-14,Nifty 100 TRI,9356.84
2019-02-15,Nifty 100 TRI,9281.46
2019-02-18,Nifty 100 TRI,9179.72
2019-02-19,Nifty 100 TRI,9285.19
2019-02-20,Nifty 100 TRI,9186.77
2019-02-21,Nifty 100 TRI,9128.22
2019-02-22,Nifty 100 TRI,9220.05
2019-02-25,Nifty 100 TRI,9226.34
2019-02-26,Nifty 100 TRI,9046.72
2019-02-27,Nifty 100 TRI,9223.29
2019-02-28,Nifty 100 TRI,9172.28
2019-03-01,Nifty 100 TRI,9134.4
2019-03-04,Nifty 100 TRI,9162.84
2019-03-05,Nifty 100 TRI,9228.59
2019-03-06,Nifty 100 TRI,9430.44
2019-03-07,Nifty 100 TRI,9261.06
2019-03-08,Nifty 100 TRI,9347.98
2019-03-11,Nifty 100 TRI,9427.19
2019-03-12,Nifty 100 TRI,9415.79
2019-03-13,Nifty 100 TRI,9500.16
2019-03-14,Nifty 100 TRI,9600.64
2019-03-15,Nifty 100 TRI,9457.58
2019-03-18,Nifty 100 TRI,9642.45
2019-03-19,Nifty 100 TRI,9480.01
2019-03-20,Nifty 100 TRI,9364.46
2019-03-21,Nifty 100 TRI,9340.3
2019-03-22,Nifty 100 TRI,9540.88
2019-03-25,Nifty 100 TRI,9511.39
2019-03-26,Nifty 100 TRI,9510.9
2019-03-27,Nifty 100 TRI,9663.58
2019-03-28,Nifty 100 TRI,9634.56
2019-03-29,Nifty 100 TRI,9512.56
2019-04-01,Nifty 100 TRI,9471.75
2019-04-02,Nifty 100 TRI,9617.41
2019-04-03,Nifty 100 TRI,9627.8
2019-04-04,Nifty 100 TRI,9835.15
2019-04-05,Nifty 100 TRI,9917.94
2019-04-08,Nifty 100 TRI,9850.57
2019-04-09,Nifty 100 TRI,9859.06
2019-04-10,Nifty 100 TRI,9769.48
2019-04-11,Nifty 100 TRI,9700.58
2019-04-12,Nifty 100 TRI,10181.44
2019-04-15,Nifty 100 TRI,10298.57
2019-04-16,Nifty 100 TRI,10399.21
2019-04-17,Nifty 100 TRI,10331.05
2019-04-18,Nifty 100 TRI,10512.51
2019-04-19,Nifty 100 TRI,10642.8
2019-04-22,Nifty 100 TRI,10866.28
2019-04-23,Nifty 100 TRI,11088.65
2019-04-24,Nifty 100 TRI,10911.56
2019-04-25,Nifty 100 TRI,10781.63
2019-04-26,Nifty 100 TRI,10665.81
2019-04-29,Nifty 100 TRI,10558.27
2019-04-30,Nifty 100 TRI,10599.0
2019-05-01,Nifty 100 TRI,10536.1
2019-05-02,Nifty 100 TRI,10779.46
2019-05-03,Nifty 100 TRI,11008.54
2019-05-06,Nifty 100 TRI,11011.06
2019-05-07,Nifty 100 TRI,11251.2
2019-05-08,Nifty 100 TRI,11438.75
2019-05-09,Nifty 100 TRI,11385.47
2019-05-10,Nifty 100 TRI,11137.25
2019-05-13,Nifty 100 TRI,11113.89
2019-05-14,Nifty 100 TRI,11038.42
2019-05-15,Nifty 100 TRI,11066.81
2019-05-16,Nifty 100 TRI,11080.99
2019-05-17,Nifty 100 TRI,11091.99
2019-05-20,Nifty 100 TRI,11159.22
2019-05-21,Nifty 100 TRI,11013.73
2019-05-22,Nifty 100 TRI,11066.87
2019-05-23,Nifty 100 TRI,11016.67
2019-05-24,Nifty 100 TRI,11044.21
2019-05-27,Nifty 100 TRI,11163.83
2019-05-28,Nifty 100 TRI,11016.82
2019-05-29,Nifty 100 TRI,10986.04
2019-05-30,Nifty 100 TRI,10975.01
2019-05-31,Nifty 100 TRI,10916.22
2019-06-03,Nifty 100 TRI,11027.54
2019-06-04,Nifty 100 TRI,10943.47
2019-06-05,Nifty 100 TRI,10879.89
2019-06-06,Nifty 100 TRI,10798.19
2019-06-07,Nifty 100 TRI,10931.15
2019-06-10,Nifty 100 TRI,10875.21
2019-06-11,Nifty 100 TRI,10933.51
2019-06-12,Nifty 100 TRI,11174.41
2019-06-13,Nifty 100 TRI,11168.56
2019-06-14,Nifty 100 TRI,11308.53
2019-06-17,Nifty 100 TRI,11519.83
2019-06-18,Nifty 100 TRI,11653.45
2019-06-19,Nifty 100 TRI,11654.8
2019-06-20,Nifty 100 TRI,11740.61
2019-06-21,Nifty 100 TRI,11577.87
2019-06-24,Nifty 100 TRI,11482.0
2019-06-25,Nifty 100 TRI,11409.08
2019-06-26,Nifty 100 TRI,11693.7
2019-06-27,Nifty 100 TRI,11592.68
2019-06-28,Nifty 100 TRI,11490.64
2019-07-01,Nifty 100 TRI,11362.14
2019-07-02,Nifty 100 TRI,11435.51
2019-07-03,Nifty 100 TRI,11456.88
2019-07-04,Nifty 100 TRI,11597.28
2019-07-05,Nifty 100 TRI,11686.39
2019-07-08,Nifty 100 TRI,11512.45
2019-07-09,Nifty 100 TRI,11413.67
2019-07-10,Nifty 100 TRI,11588.51
2019-07-11,Nifty 100 TRI,11566.07
2019-07-12,Nifty 100 TRI,11720.64
2019-07-15,Nifty 100 TRI,11704.86
2019-07-16,Nifty 100 TRI,11583.78
2019-07-17,Nifty 100 TRI,11548.61
2019-07-18,Nifty 100 TRI,11429.1
2019-07-19,Nifty 100 TRI,11361.43
2019-07-22,Nifty 100 TRI,11389.95
2019-07-23,Nifty 100 TRI,11457.46
2019-07-24,Nifty 100 TRI,11260.48
2019-07-25,Nifty 100 TRI,11261.71
2019-07-26,Nifty 100 TRI,11192.42
2019-07-29,Nifty 100 TRI,11115.95
2019-07-30,Nifty 100 TRI,11135.51
2019-07-31,Nifty 100 TRI,11071.42
2019-08-01,Nifty 100 TRI,11243.07
2019-08-02,Nifty 100 TRI,11393.37
2019-08-05,Nifty 100 TRI,11544.91
2019-08-06,Nifty 100 TRI,11485.52
2019-08-07,Nifty 100 TRI,11367.36
2019-08-08,Nifty 100 TRI,11381.03
2019-08-09,Nifty 100 TRI,11365.62
2019-08-12,Nifty 100 TRI,11292.91
2019-08-13,Nifty 100 TRI,11150.25
2019-08-14,Nifty 100 TRI,11148.5
2019-08-15,Nifty 100 TRI,11102.3
2019-08-16,Nifty 100 TRI,11189.69
2019-08-19,Nifty 100 TRI,11274.91
2019-08-20,Nifty 100 TRI,11414.82
2019-08-21,Nifty 100 TRI,11260.12
2019-08-22,Nifty 100 TRI,11313.18
2019-08-23,Nifty 100 TRI,11226.04
2019-08-26,Nifty 100 TRI,11078.71
2019-08-27,Nifty 100 TRI,11029.8
2019-08-28,Nifty 100 TRI,11162.77
2019-08-29,Nifty 100 TRI,11120.4
2019-08-30,Nifty 100 TRI,11315.23
2019-09-02,Nifty 100 TRI,11386.94
2019-09-03,Nifty 100 TRI,11341.0
2019-09-04,Nifty 100 TRI,11489.12
2019-09-05,Nifty 100 TRI,11548.85
2019-09-06,Nifty 100 TRI,11433.85
2019-09-09,Nifty 100 TRI,11671.06
2019-09-10,Nifty 100 TRI,11707.88
2019-09-11,Nifty 100 TRI,11713.81
2019-09-12,Nifty 100 TRI,11607.09
2019-09-13,Nifty 100 TRI,11761.17
2019-09-16,Nifty 100 TRI,11831.62
2019-09-17,Nifty 100 TRI,11917.06
2019-09-18,Nifty 100 TRI,11854.11
2019-09-19,Nifty 100 TRI,11966.43
2019-09-20,Nifty 100 TRI,12090.04
2019-09-23,Nifty 100 TRI,12004.73
2019-09-24,Nifty 100 TRI,11821.21
2019-09-25,Nifty 100 TRI,11900.35
2019-09-26,Nifty 100 TRI,11697.97
2019-09-27,Nifty 100 TRI,11721.04
2019-09-30,Nifty 100 TRI,11666.89
2019-10-01,Nifty 100 TRI,11826.79
2019-10-02,Nifty 100 TRI,11779.23
2019-10-03,Nifty 100 TRI,11926.23
2019-10-04,Nifty 100 TRI,11862.35
2019-10-07,Nifty 100 TRI,11996.4
2019-10-08,Nifty 100 TRI,12271.88
2019-10-09,Nifty 100 TRI,12131.39
2019-10-10,Nifty 100 TRI,12174.0
2019-10-11,Nifty 100 TRI,12545.75
2019-10-14,Nifty 100 TRI,12558.7
2019-10-15,Nifty 100 TRI,12571.0
2019-10-16,Nifty 100 TRI,12683.81
2019-10-17,Nifty 100 TRI,12693.35
2019-10-18,Nifty 100 TRI,12458.78
2019-10-21,Nifty 100 TRI,12617.69
2019-10-22,Nifty 100 TRI,12343.48
2019-10-23,Nifty 100 TRI,12290.59
2019-10-24,Nifty 100 TRI,12457.52
2019-10-25,Nifty 100 TRI,12412.4
2019-10-28,Nifty 100 TRI,12321.41
2019-10-29,Nifty 100 TRI,12444.28
2019-10-30,Nifty 100 TRI,12331.5
2019-10-31,Nifty 100 TRI,12169.41
2019-11-01,Nifty 100 TRI,12209.81
2019-11-04,Nifty 100 TRI,12188.9
2019-11-05,Nifty 100 TRI,12025.81
2019-11-06,Nifty 100 TRI,12113.68
2019-11-07,Nifty 100 TRI,12179.21
2019-11-08,Nifty 100 TRI,12134.66
2019-11-11,Nifty 100 TRI,12099.42
2019-11-12,Nifty 100 TRI,12165.65
2019-11-13,Nifty 100 TRI,12328.6
2019-11-14,Nifty 100 TRI,12293.95
2019-11-15,Nifty 100 TRI,12386.17
2019-11-18,Nifty 100 TRI,12466.89
2019-11-19,Nifty 100 TRI,12591.22
2019-11-20,Nifty 100 TRI,12600.44
2019-11-21,Nifty 100 TRI,12477.77
2019-11-22,Nifty 100 TRI,12418.03
2019-11-25,Nifty 100 TRI,12468.59
2019-11-26,Nifty 100 TRI,12721.74
2019-11-27,Nifty 100 TRI,12657.82
2019-11-28,Nifty 100 TRI,12773.68
2019-11-29,Nifty 100 TRI,12731.41
2019-12-02,Nifty 100 TRI,12750.7
2019-12-03,Nifty 100 TRI,12967.07
2019-12-04,Nifty 100 TRI,13079.98
2019-12-05,Nifty 100 TRI,12905.31
2019-12-06,Nifty 100 TRI,12827.91
2019-12-09,Nifty 100 TRI,13009.02
2019-12-10,Nifty 100 TRI,13033.23
2019-12-11,Nifty 100 TRI,12872.43
2019-12-12,Nifty 100 TRI,12760.33
2019-12-13,Nifty 100 TRI,12862.91
2019-12-16,Nifty 100 TRI,13007.47
2019-12-17,Nifty 100 TRI,13013.92
2019-12-18,Nifty 100 TRI,13372.18
2019-12-19,Nifty 100 TRI,13497.42
2019-12-20,Nifty 100 TRI,13465.31
2019-12-23,Nifty 100 TRI,13348.53
2019-12-24,Nifty 100 TRI,13209.39
2019-12-25,Nifty 100 TRI,13262.09
2019-12-26,Nifty 100 TRI,13194.77
2019-12-27,Nifty 100 TRI,13441.66
2019-12-30,Nifty 100 TRI,13662.49
2019-12-31,Nifty 100 TRI,13761.74
2020-01-01,Nifty 100 TRI,13587.39
2020-01-02,Nifty 100 TRI,13490.99
2020-01-03,Nifty 100 TRI,13681.39
2020-01-06,Nifty 100 TRI,13600.75
2020-01-07,Nifty 100 TRI,13772.71
2020-01-08,Nifty 100 TRI,13848.75
2020-01-09,Nifty 100 TRI,13860.78
2020-01-10,Nifty 100 TRI,13757.78
2020-01-13,Nifty 100 TRI,13747.64
2020-01-14,Nifty 100 TRI,13780.45
2020-01-15,Nifty 100 TRI,13941.1
2020-01-16,Nifty 100 TRI,13809.45
2020-01-17,Nifty 100 TRI,13773.67
2020-01-20,Nifty 100 TRI,13784.59
2020-01-21,Nifty 100 TRI,13889.21
2020-01-22,Nifty 100 TRI,13754.58
2020-01-23,Nifty 100 TRI,13559.51
2020-01-24,Nifty 100 TRI,13664.1
2020-01-27,Nifty 100 TRI,13440.05
2020-01-28,Nifty 100 TRI,13634.05
2020-01-29,Nifty 100 TRI,13614.76
2020-01-30,Nifty 100 TRI,13387.08
2020-01-31,Nifty 100 TRI,13320.35
2020-02-03,Nifty 100 TRI,13379.9
2020-02-04,Nifty 100 TRI,13305.51
2020-02-05,Nifty 100 TRI,13312.43
2020-02-06,Nifty 100 TRI,13424.8
2020-02-07,Nifty 100 TRI,13398.97
2020-02-10,Nifty 100 TRI,13264.88
2020-02-11,Nifty 100 TRI,13225.23
2020-02-12,Nifty 100 TRI,13435.03
2020-02-13,Nifty 100 TRI,13688.08
2020-02-14,Nifty 100 TRI,13388.05
2020-02-17,Nifty 100 TRI,13552.74
2020-02-18,Nifty 100 TRI,13594.1
2020-02-19,Nifty 100 TRI,13736.35
2020-02-20,Nifty 100 TRI,13657.29
2020-02-21,Nifty 100 TRI,13395.74
2020-02-24,Nifty 100 TRI,13485.89
2020-02-25,Nifty 100 TRI,13350.34
2020-02-26,Nifty 100 TRI,13150.47
2020-02-27,Nifty 100 TRI,12963.7
2020-02-28,Nifty 100 TRI,13053.28
2020-03-02,Nifty 100 TRI,13077.22
2020-03-03,Nifty 100 TRI,13193.7
2020-03-04,Nifty 100 TRI,13294.76
2020-03-05,Nifty 100 TRI,13237.19
2020-03-06,Nifty 100 TRI,13230.9
2020-03-09,Nifty 100 TRI,13160.44
2020-03-10,Nifty 100 TRI,13133.94
2020-03-11,Nifty 100 TRI,12998.14
2020-03-12,Nifty 100 TRI,13057.87
2020-03-13,Nifty 100 TRI,13216.21
2020-03-16,Nifty 100 TRI,13101.46
2020-03-17,Nifty 100 TRI,13290.04
2020-03-18,Nifty 100 TRI,13310.62
2020-03-19,Nifty 100 TRI,13349.91
2020-03-20,Nifty 100 TRI,13104.36
2020-03-23,Nifty 100 TRI,12847.78
2020-03-24,Nifty 100 TRI,12872.0
2020-03-25,Nifty 100 TRI,12987.68
2020-03-26,Nifty 100 TRI,12895.66
2020-03-27,Nifty 100 TRI,13136.44
2020-03-30,Nifty 100 TRI,13246.58
2020-03-31,Nifty 100 TRI,13118.19
2020-04-01,Nifty 100 TRI,13126.58
2020-04-02,Nifty 100 TRI,13488.17
2020-04-03,Nifty 100 TRI,13307.85
2020-04-06,Nifty 100 TRI,13389.18
2020-04-07,Nifty 100 TRI,13345.66
2020-04-08,Nifty 100 TRI,13453.44
2020-04-09,Nifty 100 TRI,13645.02
2020-04-10,Nifty 100 TRI,13591.14
2020-04-13,Nifty 100 TRI,13762.49
2020-04-14,Nifty 100 TRI,14102.89
2020-04-15,Nifty 100 TRI,14117.4
2020-04-16,Nifty 100 TRI,14243.52
2020-04-17,Nifty 100 TRI,14155.28
2020-04-20,Nifty 100 TRI,14162.53
2020-04-21,Nifty 100 TRI,14139.25
2020-04-22,Nifty 100 TRI,14267.44
2020-04-23,Nifty 100 TRI,14460.79
2020-04-24,Nifty 100 TRI,14447.68
2020-04-27,Nifty 100 TRI,14695.75
2020-04-28,Nifty 100 TRI,14947.49
2020-04-29,Nifty 100 TRI,15091.22
2020-04-30,Nifty 100 TRI,15010.09
2020-05-01,Nifty 100 TRI,14913.57
2020-05-04,Nifty 100 TRI,14784.77
2020-05-05,Nifty 100 TRI,14943.57
2020-05-06,Nifty 100 TRI,14748.87
2020-05-07,Nifty 100 TRI,14863.1
2020-05-08,Nifty 100 TRI,14690.8
2020-05-11,Nifty 100 TRI,14828.3
2020-05-12,Nifty 100 TRI,14835.55
2020-05-13,Nifty 100 TRI,15057.64
2020-05-14,Nifty 100 TRI,15251.22
2020-05-15,Nifty 100 TRI,15496.55
2020-05-18,Nifty 100 TRI,15750.21
2020-05-19,Nifty 100 TRI,15779.82
2020-05-20,Nifty 100 TRI,15583.41
2020-05-21,Nifty 100 TRI,15407.67
2020-05-22,Nifty 100 TRI,15058.6
2020-05-25,Nifty 100 TRI,14883.62
2020-05-26,Nifty 100 TRI,14899.35
2020-05-27,Nifty 100 TRI,14812.1
2020-05-28,Nifty 100 TRI,14787.19
2020-05-29,Nifty 100 TRI,14871.77
2020-06-01,Nifty 100 TRI,14826.49
2020-06-02,Nifty 100 TRI,14647.98
2020-06-03,Nifty 100 TRI,14643.79
2020-06-04,Nifty 100 TRI,14503.46
2020-06-05,Nifty 100 TRI,14464.61
2020-06-08,Nifty 100 TRI,14682.6
2020-06-09,Nifty 100 TRI,14643.31
2020-06-10,Nifty 100 TRI,14932.97
2020-06-11,Nifty 100 TRI,15172.61
2020-06-12,Nifty 100 TRI,15080.48
2020-06-15,Nifty 100 TRI,14900.68
2020-06-16,Nifty 100 TRI,14896.54
2020-06-17,Nifty 100 TRI,15089.99
2020-06-18,Nifty 100 TRI,15013.15
2020-06-19,Nifty 100 TRI,15167.62
2020-06-22,Nifty 100 TRI,15373.79
2020-06-23,Nifty 100 TRI,15247.51
2020-06-24,Nifty 100 TRI,15138.69
2020-06-25,Nifty 100 TRI,15261.91
2020-06-26,Nifty 100 TRI,15291.98
2020-06-29,Nifty 100 TRI,15181.17
2020-06-30,Nifty 100 TRI,15126.91
2020-07-01,Nifty 100 TRI,15119.71
2020-07-02,Nifty 100 TRI,14863.99
2020-07-03,Nifty 100 TRI,14993.63
2020-07-06,Nifty 100 TRI,14919.18
2020-07-07,Nifty 100 TRI,14466.82
2020-07-08,Nifty 100 TRI,14467.36
2020-07-09,Nifty 100 TRI,14353.69
2020-07-10,Nifty 100 TRI,14624.64
2020-07-13,Nifty 100 TRI,14534.85
2020-07-14,Nifty 100 TRI,14363.71
2020-07-15,Nifty 100 TRI,14448.28
2020-07-16,Nifty 100 TRI,14347.64
2020-07-17,Nifty 100 TRI,14228.93
2020-07-20,Nifty 100 TRI,14312.95
2020-07-21,Nifty 100 TRI,14153.43
2020-07-22,Nifty 100 TRI,13930.79
2020-07-23,Nifty 100 TRI,14199.46
2020-07-24,Nifty 100 TRI,14294.24
2020-07-27,Nifty 100 TRI,14256.98
2020-07-28,Nifty 100 TRI,14260.71
2020-07-29,Nifty 100 TRI,14344.34
2020-07-30,Nifty 100 TRI,14502.23
2020-07-31,Nifty 100 TRI,14385.98
2020-08-03,Nifty 100 TRI,14448.24
2020-08-04,Nifty 100 TRI,14372.04
2020-08-05,Nifty 100 TRI,14346.48
2020-08-06,Nifty 100 TRI,14376.14
2020-08-07,Nifty 100 TRI,14379.4
2020-08-10,Nifty 100 TRI,14500.06
2020-08-11,Nifty 100 TRI,14582.1
2020-08-12,Nifty 100 TRI,14344.56
2020-08-13,Nifty 100 TRI,14134.61
2020-08-14,Nifty 100 TRI,14081.37
2020-08-17,Nifty 100 TRI,14368.84
2020-08-18,Nifty 100 TRI,14238.55
2020-08-19,Nifty 100 TRI,14210.21
2020-08-20,Nifty 100 TRI,14130.63
2020-08-21,Nifty 100 TRI,14048.75
2020-08-24,Nifty 100 TRI,14080.51
2020-08-25,Nifty 100 TRI,14301.7
2020-08-26,Nifty 100 TRI,14377.72
2020-08-27,Nifty 100 TRI,14254.95
2020-08-28,Nifty 100 TRI,14690.95
2020-08-31,Nifty 100 TRI,14708.05
2020-09-01,Nifty 100 TRI,14619.07
2020-09-02,Nifty 100 TRI,14850.54
2020-09-03,Nifty 100 TRI,14778.37
2020-09-04,Nifty 100 TRI,15053.13
2020-09-07,Nifty 100 TRI,14913.48
2020-09-08,Nifty 100 TRI,15152.55
2020-09-09,Nifty 100 TRI,15190.6
2020-09-10,Nifty 100 TRI,15410.89
2020-09-11,Nifty 100 TRI,15737.9
2020-09-14,Nifty 100 TRI,15546.55
2020-09-15,Nifty 100 TRI,15769.39
2020-09-16,Nifty 100 TRI,15529.72
2020-09-17,Nifty 100 TRI,15355.5
2020-09-18,Nifty 100 TRI,15224.4
2020-09-21,Nifty 100 TRI,15313.31
2020-09-22,Nifty 100 TRI,15323.46
2020-09-23,Nifty 100 TRI,15299.89
2020-09-24,Nifty 100 TRI,15329.09
2020-09-25,Nifty 100 TRI,15433.39
2020-09-28,Nifty 100 TRI,15551.47
2020-09-29,Nifty 100 TRI,15743.31
2020-09-30,Nifty 100 TRI,16063.22
2020-10-01,Nifty 100 TRI,16064.26
2020-10-02,Nifty 100 TRI,15977.0
2020-10-05,Nifty 100 TRI,16089.62
2020-10-06,Nifty 100 TRI,15891.93
2020-10-07,Nifty 100 TRI,15778.06
2020-10-08,Nifty 100 TRI,15956.24
2020-10-09,Nifty 100 TRI,15939.24
2020-10-12,Nifty 100 TRI,15732.19
2020-10-13,Nifty 100 TRI,15479.09
2020-10-14,Nifty 100 TRI,15492.03
2020-10-15,Nifty 100 TRI,15691.27
2020-10-16,Nifty 100 TRI,15890.77
2020-10-19,Nifty 100 TRI,15914.92
2020-10-20,Nifty 100 TRI,16271.38
2020-10-21,Nifty 100 TRI,16257.5
2020-10-22,Nifty 100 TRI,16237.6
2020-10-23,Nifty 100 TRI,15783.89
2020-10-26,Nifty 100 TRI,15710.95
2020-10-27,Nifty 100 TRI,15862.91
2020-10-28,Nifty 100 TRI,16140.57
2020-10-29,Nifty 100 TRI,15998.01
2020-10-30,Nifty 100 TRI,16084.15
2020-11-02,Nifty 100 TRI,16274.2
2020-11-03,Nifty 100 TRI,16281.09
2020-11-04,Nifty 100 TRI,15877.05
2020-11-05,Nifty 100 TRI,15925.0
2020-11-06,Nifty 100 TRI,16063.17
2020-11-09,Nifty 100 TRI,15900.58
2020-11-10,Nifty 100 TRI,15860.9
2020-11-11,Nifty 100 TRI,15664.06
2020-11-12,Nifty 100 TRI,15225.91
2020-11-13,Nifty 100 TRI,15402.48
2020-11-16,Nifty 100 TRI,15406.47
2020-11-17,Nifty 100 TRI,15681.85
2020-11-18,Nifty 100 TRI,15834.44
2020-11-19,Nifty 100 TRI,15777.5
2020-11-20,Nifty 100 TRI,15767.79
2020-11-23,Nifty 100 TRI,15870.73
2020-11-24,Nifty 100 TRI,16044.28
2020-11-25,Nifty 100 TRI,16106.04
2020-11-26,Nifty 100 TRI,16306.75
2020-11-27,Nifty 100 TRI,16258.43
2020-11-30,Nifty 100 TRI,16084.97
2020-12-01,Nifty 100 TRI,16078.33
2020-12-02,Nifty 100 TRI,16119.44
2020-12-03,Nifty 100 TRI,15911.23
2020-12-04,Nifty 100 TRI,15682.05
2020-12-07,Nifty 100 TRI,15763.93
2020-12-08,Nifty 100 TRI,15698.19
2020-12-09,Nifty 100 TRI,15674.26
2020-12-10,Nifty 100 TRI,15616.95
2020-12-11,Nifty 100 TRI,15882.85
2020-12-14,Nifty 100 TRI,16108.06
2020-12-15,Nifty 100 TRI,15893.65
2020-12-16,Nifty 100 TRI,15805.27
2020-12-17,Nifty 100 TRI,15957.79
2020-12-18,Nifty 100 TRI,16068.24
2020-12-21,Nifty 100 TRI,16065.73
2020-12-22,Nifty 100 TRI,15869.51
2020-12-23,Nifty 100 TRI,15755.13
2020-12-24,Nifty 100 TRI,15670.29
2020-12-25,Nifty 100 TRI,15722.74
2020-12-28,Nifty 100 TRI,16022.12
2020-12-29,Nifty 100 TRI,15905.87
2020-12-30,Nifty 100 TRI,15731.12
2020-12-31,Nifty 100 TRI,15717.05
2021-01-01,Nifty 100 TRI,15900.14
2021-01-04,Nifty 100 TRI,15651.84
2021-01-05,Nifty 100 TRI,15906.81
2021-01-06,Nifty 100 TRI,15881.48
2021-01-07,Nifty 100 TRI,15757.97
2021-01-08,Nifty 100 TRI,15485.32
2021-01-11,Nifty 100 TRI,15610.31
2021-01-12,Nifty 100 TRI,15585.6
2021-01-13,Nifty 100 TRI,15619.55
2021-01-14,Nifty 100 TRI,15469.46
2021-01-15,Nifty 100 TRI,15419.8
2021-01-18,Nifty 100 TRI,15341.89
2021-01-19,Nifty 100 TRI,15329.52
2021-01-20,Nifty 100 TRI,15221.22
2021-01-21,Nifty 100 TRI,14968.91
2021-01-22,Nifty 100 TRI,15422.67
2021-01-25,Nifty 100 TRI,15196.0
2021-01-26,Nifty 100 TRI,15230.89
2021-01-27,Nifty 100 TRI,14938.57
2021-01-28,Nifty 100 TRI,14614.89
2021-01-29,Nifty 100 TRI,14635.0
2021-02-01,Nifty 100 TRI,14667.46
2021-02-02,Nifty 100 TRI,14875.39
2021-02-03,Nifty 100 TRI,14945.23
2021-02-04,Nifty 100 TRI,14925.09
2021-02-05,Nifty 100 TRI,14773.66
2021-02-08,Nifty 100 TRI,15021.7
2021-02-09,Nifty 100 TRI,15179.69
2021-02-10,Nifty 100 TRI,14976.14
2021-02-11,Nifty 100 TRI,14986.88
2021-02-12,Nifty 100 TRI,15015.13
2021-02-15,Nifty 100 TRI,14962.54
2021-02-16,Nifty 100 TRI,15094.07
2021-02-17,Nifty 100 TRI,15236.69
2021-02-18,Nifty 100 TRI,15209.34
2021-02-19,Nifty 100 TRI,15166.91
2021-02-22,Nifty 100 TRI,15421.54
2021-02-23,Nifty 100 TRI,15584.41
2021-02-24,Nifty 100 TRI,15601.49
2021-02-25,Nifty 100 TRI,15326.57
2021-02-26,Nifty 100 TRI,15389.17
2021-03-01,Nifty 100 TRI,15511.95
2021-03-02,Nifty 100 TRI,15046.6
2021-03-03,Nifty 100 TRI,15092.8
2021-03-04,Nifty 100 TRI,15028.15
2021-03-05,Nifty 100 TRI,14996.15
2021-03-08,Nifty 100 TRI,14850.97
2021-03-09,Nifty 100 TRI,14831.22
2021-03-10,Nifty 100 TRI,15062.76
2021-03-11,Nifty 100 TRI,14993.31
2021-03-12,Nifty 100 TRI,15157.06
2021-03-15,Nifty 100 TRI,15027.17
2021-03-16,Nifty 100 TRI,15157.1
2021-03-17,Nifty 100 TRI,15161.92
2021-03-18,Nifty 100 TRI,15225.18
2021-03-19,Nifty 100 TRI,15230.95
2021-03-22,Nifty 100 TRI,15343.02
2021-03-23,Nifty 100 TRI,14914.28
2021-03-24,Nifty 100 TRI,14685.82
2021-03-25,Nifty 100 TRI,14757.6
2021-03-26,Nifty 100 TRI,14430.3
2021-03-29,Nifty 100 TRI,14350.4
2021-03-30,Nifty 100 TRI,14346.13
2021-03-31,Nifty 100 TRI,14219.75
2021-04-01,Nifty 100 TRI,14115.84
2021-04-02,Nifty 100 TRI,14162.25
2021-04-05,Nifty 100 TRI,14323.73
2021-04-06,Nifty 100 TRI,14177.01
2021-04-07,Nifty 100 TRI,14091.59
2021-04-08,Nifty 100 TRI,13982.46
2021-04-09,Nifty 100 TRI,13614.23
2021-04-12,Nifty 100 TRI,13639.54
2021-04-13,Nifty 100 TRI,13783.87
2021-04-14,Nifty 100 TRI,13942.15
2021-04-15,Nifty 100 TRI,13812.79
2021-04-16,Nifty 100 TRI,13626.75
2021-04-19,Nifty 100 TRI,13634.08
2021-04-20,Nifty 100 TRI,13762.54
2021-04-21,Nifty 100 TRI,13790.11
2021-04-22,Nifty 100 TRI,13838.13
2021-04-23,Nifty 100 TRI,14016.09
2021-04-26,Nifty 100 TRI,13906.34
2021-04-27,Nifty 100 TRI,13876.86
2021-04-28,Nifty 100 TRI,14130.54
2021-04-29,Nifty 100 TRI,14104.19
2021-04-30,Nifty 100 TRI,13911.8
2021-05-03,Nifty 100 TRI,13813.54
2021-05-04,Nifty 100 TRI,13675.13
2021-05-05,Nifty 100 TRI,13732.96
2021-05-06,Nifty 100 TRI,13601.73
2021-05-07,Nifty 100 TRI,13646.36
2021-05-10,Nifty 100 TRI,13539.97
2021-05-11,Nifty 100 TRI,13227.77
2021-05-12,Nifty 100 TRI,13276.36
2021-05-13,Nifty 100 TRI,13302.02
2021-05-14,Nifty 100 TRI,13381.77
2021-05-17,Nifty 100 TRI,13286.72
2021-05-18,Nifty 100 TRI,13176.78
2021-05-19,Nifty 100 TRI,13238.92
2021-05-20,Nifty 100 TRI,13464.1
2021-05-21,Nifty 100 TRI,13469.8
2021-05-24,Nifty 100 TRI,13536.75
2021-05-25,Nifty 100 TRI,13492.92
2021-05-26,Nifty 100 TRI,13267.86
2021-05-27,Nifty 100 TRI,13413.03
2021-05-28,Nifty 100 TRI,13551.09
2021-05-31,Nifty 100 TRI,13661.1
2021-06-01,Nifty 100 TRI,13637.86
2021-06-02,Nifty 100 TRI,13731.52
2021-06-03,Nifty 100 TRI,13870.64
2021-06-04,Nifty 100 TRI,14122.0
2021-06-07,Nifty 100 TRI,14279.8
2021-06-08,Nifty 100 TRI,14294.1
2021-06-09,Nifty 100 TRI,14092.69
2021-06-10,Nifty 100 TRI,14121.05
2021-06-11,Nifty 100 TRI,14165.14
2021-06-14,Nifty 100 TRI,14279.87
2021-06-15,Nifty 100 TRI,14496.82
2021-06-16,Nifty 100 TRI,14485.99
2021-06-17,Nifty 100 TRI,14825.12
2021-06-18,Nifty 100 TRI,14542.67
2021-06-21,Nifty 100 TRI,14614.12
2021-06-22,Nifty 100 TRI,14490.13
2021-06-23,Nifty 100 TRI,14190.49
2021-06-24,Nifty 100 TRI,14163.25
2021-06-25,Nifty 100 TRI,13940.48
2021-06-28,Nifty 100 TRI,13919.9
2021-06-29,Nifty 100 TRI,13929.4
2021-06-30,Nifty 100 TRI,14104.97
2021-07-01,Nifty 100 TRI,13875.29
2021-07-02,Nifty 100 TRI,14018.11
2021-07-05,Nifty 100 TRI,14037.44
2021-07-06,Nifty 100 TRI,14200.52
2021-07-07,Nifty 100 TRI,14137.33
2021-07-08,Nifty 100 TRI,13934.4
2021-07-09,Nifty 100 TRI,13751.96
2021-07-12,Nifty 100 TRI,13560.67
2021-07-13,Nifty 100 TRI,13636.01
2021-07-14,Nifty 100 TRI,13861.64
2021-07-15,Nifty 100 TRI,13779.65
2021-07-16,Nifty 100 TRI,13879.15
2021-07-19,Nifty 100 TRI,13650.73
2021-07-20,Nifty 100 TRI,13681.9
2021-07-21,Nifty 100 TRI,13786.62
2021-07-22,Nifty 100 TRI,13571.15
2021-07-23,Nifty 100 TRI,13544.78
2021-07-26,Nifty 100 TRI,13655.51
2021-07-27,Nifty 100 TRI,13218.93
2021-07-28,Nifty 100 TRI,13417.08
2021-07-29,Nifty 100 TRI,13473.3
2021-07-30,Nifty 100 TRI,13583.57
2021-08-02,Nifty 100 TRI,13525.97
2021-08-03,Nifty 100 TRI,13273.72
2021-08-04,Nifty 100 TRI,13355.68
2021-08-05,Nifty 100 TRI,13347.55
2021-08-06,Nifty 100 TRI,13356.27
2021-08-09,Nifty 100 TRI,13520.07
2021-08-10,Nifty 100 TRI,13637.46
2021-08-11,Nifty 100 TRI,13929.76
2021-08-12,Nifty 100 TRI,13957.51
2021-08-13,Nifty 100 TRI,13855.57
2021-08-16,Nifty 100 TRI,13831.01
2021-08-17,Nifty 100 TRI,13898.4
2021-08-18,Nifty 100 TRI,14057.88
2021-08-19,Nifty 100 TRI,13835.24
2021-08-20,Nifty 100 TRI,13840.69
2021-08-23,Nifty 100 TRI,14089.89
2021-08-24,Nifty 100 TRI,14056.89
2021-08-25,Nifty 100 TRI,14205.06
2021-08-26,Nifty 100 TRI,14286.38
2021-08-27,Nifty 100 TRI,14440.88
2021-08-30,Nifty 100 TRI,14316.58
2021-08-31,Nifty 100 TRI,14194.04
2021-09-01,Nifty 100 TRI,14201.46
2021-09-02,Nifty 100 TRI,13966.36
2021-09-03,Nifty 100 TRI,13929.11
2021-09-06,Nifty 100 TRI,13972.04
2021-09-07,Nifty 100 TRI,14250.51
2021-09-08,Nifty 100 TRI,14317.92
2021-09-09,Nifty 100 TRI,14420.68
2021-09-10,Nifty 100 TRI,14609.73
2021-09-13,Nifty 100 TRI,14459.08
2021-09-14,Nifty 100 TRI,14437.17
2021-09-15,Nifty 100 TRI,14826.67
2021-09-16,Nifty 100 TRI,14818.22
2021-09-17,Nifty 100 TRI,15004.64
2021-09-20,Nifty 100 TRI,15168.21
2021-09-21,Nifty 100 TRI,14926.13
2021-09-22,Nifty 100 TRI,14981.59
2021-09-23,Nifty 100 TRI,15010.27
2021-09-24,Nifty 100 TRI,15069.25
2021-09-27,Nifty 100 TRI,14948.77
2021-09-28,Nifty 100 TRI,14769.59
2021-09-29,Nifty 100 TRI,14696.69
2021-09-30,Nifty 100 TRI,14685.29
2021-10-01,Nifty 100 TRI,14881.11
2021-10-04,Nifty 100 TRI,15183.06
2021-10-05,Nifty 100 TRI,15420.86
2021-10-06,Nifty 100 TRI,15571.4
2021-10-07,Nifty 100 TRI,15404.04
2021-10-08,Nifty 100 TRI,15339.38
2021-10-11,Nifty 100 TRI,15379.4
2021-10-12,Nifty 100 TRI,15277.02
2021-10-13,Nifty 100 TRI,15378.61
2021-10-14,Nifty 100 TRI,15505.1
2021-10-15,Nifty 100 TRI,15601.22
2021-10-18,Nifty 100 TRI,15781.83
2021-10-19,Nifty 100 TRI,15629.52
2021-10-20,Nifty 100 TRI,15794.59
2021-10-21,Nifty 100 TRI,15678.47
2021-10-22,Nifty 100 TRI,15520.89
2021-10-25,Nifty 100 TRI,15616.4
2021-10-26,Nifty 100 TRI,15829.94
2021-10-27,Nifty 100 TRI,15919.67
2021-10-28,Nifty 100 TRI,15928.09
2021-10-29,Nifty 100 TRI,15987.21
2021-11-01,Nifty 100 TRI,16016.0
2021-11-02,Nifty 100 TRI,15822.44
2021-11-03,Nifty 100 TRI,15610.91
2021-11-04,Nifty 100 TRI,15602.06
2021-11-05,Nifty 100 TRI,15620.44
2021-11-08,Nifty 100 TRI,15627.08
2021-11-09,Nifty 100 TRI,15747.99
2021-11-10,Nifty 100 TRI,15715.38
2021-11-11,Nifty 100 TRI,15817.42
2021-11-12,Nifty 100 TRI,15797.01
2021-11-15,Nifty 100 TRI,16118.59
2021-11-16,Nifty 100 TRI,16137.73
2021-11-17,Nifty 100 TRI,16558.09
2021-11-18,Nifty 100 TRI,16627.17
2021-11-19,Nifty 100 TRI,16593.08
2021-11-22,Nifty 100 TRI,16433.88
2021-11-23,Nifty 100 TRI,16177.98
2021-11-24,Nifty 100 TRI,16006.4
2021-11-25,Nifty 100 TRI,15856.33
2021-11-26,Nifty 100 TRI,15929.95
2021-11-29,Nifty 100 TRI,15842.53
2021-11-30,Nifty 100 TRI,15879.86
2021-12-01,Nifty 100 TRI,16108.55
2021-12-02,Nifty 100 TRI,16097.83
2021-12-03,Nifty 100 TRI,16470.83
2021-12-06,Nifty 100 TRI,16262.74
2021-12-07,Nifty 100 TRI,16240.68
2021-12-08,Nifty 100 TRI,16149.2
2021-12-09,Nifty 100 TRI,16320.41
2021-12-10,Nifty 100 TRI,15923.21
2021-12-13,Nifty 100 TRI,15675.21
2021-12-14,Nifty 100 TRI,15661.41
2021-12-15,Nifty 100 TRI,15933.37
2021-12-16,Nifty 100 TRI,15977.73
2021-12-17,Nifty 100 TRI,15744.99
2021-12-20,Nifty 100 TRI,15542.37
2021-12-21,Nifty 100 TRI,15833.05
2021-12-22,Nifty 100 TRI,15729.62
2021-12-23,Nifty 100 TRI,15571.19
2021-12-24,Nifty 100 TRI,15828.91
2021-12-27,Nifty 100 TRI,16009.7
2021-12-28,Nifty 100 TRI,16238.88
2021-12-29,Nifty 100 TRI,16074.05
2021-12-30,Nifty 100 TRI,15809.21
2021-12-31,Nifty 100 TRI,15837.11
2022-01-03,Nifty 100 TRI,15900.24
2022-01-04,Nifty 100 TRI,15968.78
2022-01-05,Nifty 100 TRI,16233.22
2022-01-06,Nifty 100 TRI,15928.5
2022-01-07,Nifty 100 TRI,16083.91
2022-01-10,Nifty 100 TRI,15894.72
2022-01-11,Nifty 100 TRI,16049.11
2022-01-12,Nifty 100 TRI,15970.07
2022-01-13,Nifty 100 TRI,15831.87
2022-01-14,Nifty 100 TRI,15730.41
2022-01-17,Nifty 100 TRI,15484.98
2022-01-18,Nifty 100 TRI,15496.52
2022-01-19,Nifty 100 TRI,15369.45
2022-01-20,Nifty 100 TRI,15507.0
2022-01-21,Nifty 100 TRI,15620.83
2022-01-24,Nifty 100 TRI,15915.59
2022-01-25,Nifty 100 TRI,15984.5
2022-01-26,Nifty 100 TRI,16080.85
2022-01-27,Nifty 100 TRI,16333.33
2022-01-28,Nifty 100 TRI,16225.46
2022-01-31,Nifty 100 TRI,15964.71
2022-02-01,Nifty 100 TRI,16004.63
2022-02-02,Nifty 100 TRI,15758.98
2022-02-03,Nifty 100 TRI,16189.09
2022-02-04,Nifty 100 TRI,16453.15
2022-02-07,Nifty 100 TRI,16849.73
2022-02-08,Nifty 100 TRI,16866.36
2022-02-09,Nifty 100 TRI,16973.57
2022-02-10,Nifty 100 TRI,16892.87
2022-02-11,Nifty 100 TRI,17062.0
2022-02-14,Nifty 100 TRI,16838.99
2022-02-15,Nifty 100 TRI,16372.98
2022-02-16,Nifty 100 TRI,16235.49
2022-02-17,Nifty 100 TRI,15980.42
2022-02-18,Nifty 100 TRI,16245.01
2022-02-21,Nifty 100 TRI,16574.34
2022-02-22,Nifty 100 TRI,16323.53
2022-02-23,Nifty 100 TRI,16560.37
2022-02-24,Nifty 100 TRI,16738.65
2022-02-25,Nifty 100 TRI,16454.63
2022-02-28,Nifty 100 TRI,16388.93
2022-03-01,Nifty 100 TRI,16289.26
2022-03-02,Nifty 100 TRI,16428.17
2022-03-03,Nifty 100 TRI,16211.05
2022-03-04,Nifty 100 TRI,16198.28
2022-03-07,Nifty 100 TRI,16080.92
2022-03-08,Nifty 100 TRI,16169.47
2022-03-09,Nifty 100 TRI,16135.76
2022-03-10,Nifty 100 TRI,16045.6
2022-03-11,Nifty 100 TRI,16012.77
2022-03-14,Nifty 100 TRI,16376.2
2022-03-15,Nifty 100 TRI,16306.01
2022-03-16,Nifty 100 TRI,16124.18
2022-03-17,Nifty 100 TRI,16232.5
2022-03-18,Nifty 100 TRI,16211.75
2022-03-21,Nifty 100 TRI,15964.23
2022-03-22,Nifty 100 TRI,16360.89
2022-03-23,Nifty 100 TRI,16302.36
2022-03-24,Nifty 100 TRI,16239.49
2022-03-25,Nifty 100 TRI,16272.91
2022-03-28,Nifty 100 TRI,16587.49
2022-03-29,Nifty 100 TRI,16285.97
2022-03-30,Nifty 100 TRI,16340.3
2022-03-31,Nifty 100 TRI,16720.38
2022-04-01,Nifty 100 TRI,16749.07
2022-04-04,Nifty 100 TRI,16526.5
2022-04-05,Nifty 100 TRI,16419.03
2022-04-06,Nifty 100 TRI,16461.33
2022-04-07,Nifty 100 TRI,16707.24
2022-04-08,Nifty 100 TRI,16649.89
2022-04-11,Nifty 100 TRI,16806.28
2022-04-12,Nifty 100 TRI,16545.97
2022-04-13,Nifty 100 TRI,16288.17
2022-04-14,Nifty 100 TRI,16206.55
2022-04-15,Nifty 100 TRI,16467.77
2022-04-18,Nifty 100 TRI,16485.19
2022-04-19,Nifty 100 TRI,16542.69
2022-04-20,Nifty 100 TRI,16598.25
2022-04-21,Nifty 100 TRI,16805.75
2022-04-22,Nifty 100 TRI,16697.99
2022-04-25,Nifty 100 TRI,16829.42
2022-04-26,Nifty 100 TRI,16680.65
2022-04-27,Nifty 100 TRI,17049.56
2022-04-28,Nifty 100 TRI,16904.57
2022-04-29,Nifty 100 TRI,16745.56
2022-05-02,Nifty 100 TRI,16851.83
2022-05-03,Nifty 100 TRI,16871.68
2022-05-04,Nifty 100 TRI,16937.4
2022-05-05,Nifty 100 TRI,16984.83
2022-05-06,Nifty 100 TRI,16786.21
2022-05-09,Nifty 100 TRI,17089.15
2022-05-10,Nifty 100 TRI,17262.24
2022-05-11,Nifty 100 TRI,17525.46
2022-05-12,Nifty 100 TRI,17428.87
2022-05-13,Nifty 100 TRI,17513.95
2022-05-16,Nifty 100 TRI,17557.23
2022-05-17,Nifty 100 TRI,17780.35
2022-05-18,Nifty 100 TRI,18012.61
2022-05-19,Nifty 100 TRI,18056.26
2022-05-20,Nifty 100 TRI,17760.19
2022-05-23,Nifty 100 TRI,18113.19
2022-05-24,Nifty 100 TRI,18229.4
2022-05-25,Nifty 100 TRI,18112.87
2022-05-26,Nifty 100 TRI,18199.3
2022-05-27,Nifty 100 TRI,17902.25
2022-05-30,Nifty 100 TRI,18115.45
2022-05-31,Nifty 100 TRI,17827.71
2022-06-01,Nifty 100 TRI,17789.76
2022-06-02,Nifty 100 TRI,17842.93
2022-06-03,Nifty 100 TRI,18052.18
2022-06-06,Nifty 100 TRI,18078.75
2022-06-07,Nifty 100 TRI,18210.45
2022-06-08,Nifty 100 TRI,18210.27
2022-06-09,Nifty 100 TRI,18209.28
2022-06-10,Nifty 100 TRI,18231.87
2022-06-13,Nifty 100 TRI,18199.42
2022-06-14,Nifty 100 TRI,17867.24
2022-06-15,Nifty 100 TRI,17721.59
2022-06-16,Nifty 100 TRI,17774.63
2022-06-17,Nifty 100 TRI,17731.25
2022-06-20,Nifty 100 TRI,17706.18
2022-06-21,Nifty 100 TRI,17648.51
2022-06-22,Nifty 100 TRI,17486.15
2022-06-23,Nifty 100 TRI,17396.55
2022-06-24,Nifty 100 TRI,17343.06
2022-06-27,Nifty 100 TRI,17349.24
2022-06-28,Nifty 100 TRI,17429.52
2022-06-29,Nifty 100 TRI,17400.13
2022-06-30,Nifty 100 TRI,17208.27
2022-07-01,Nifty 100 TRI,16948.79
2022-07-04,Nifty 100 TRI,17438.13
2022-07-05,Nifty 100 TRI,17226.65
2022-07-06,Nifty 100 TRI,17133.54
2022-07-07,Nifty 100 TRI,17236.12
2022-07-08,Nifty 100 TRI,17309.71
2022-07-11,Nifty 100 TRI,17414.07
2022-07-12,Nifty 100 TRI,17334.49
2022-07-13,Nifty 100 TRI,17385.18
2022-07-14,Nifty 100 TRI,17402.13
2022-07-15,Nifty 100 TRI,17347.6
2022-07-18,Nifty 100 TRI,17399.63
2022-07-19,Nifty 100 TRI,17606.85
2022-07-20,Nifty 100 TRI,17607.83
2022-07-21,Nifty 100 TRI,17610.1
2022-07-22,Nifty 100 TRI,17822.3
2022-07-25,Nifty 100 TRI,18016.12
2022-07-26,Nifty 100 TRI,18335.42
2022-07-27,Nifty 100 TRI,17986.71
2022-07-28,Nifty 100 TRI,18171.19
2022-07-29,Nifty 100 TRI,18296.88
2022-08-01,Nifty 100 TRI,18124.12
2022-08-02,Nifty 100 TRI,18179.71
2022-08-03,Nifty 100 TRI,18395.37
2022-08-04,Nifty 100 TRI,18233.11
2022-08-05,Nifty 100 TRI,18327.34
2022-08-08,Nifty 100 TRI,18508.5
2022-08-09,Nifty 100 TRI,18296.0
2022-08-10,Nifty 100 TRI,18272.86
2022-08-11,Nifty 100 TRI,18338.83
2022-08-12,Nifty 100 TRI,18183.73
2022-08-15,Nifty 100 TRI,18013.34
2022-08-16,Nifty 100 TRI,17991.99
2022-08-17,Nifty 100 TRI,18156.04
2022-08-18,Nifty 100 TRI,18290.05
2022-08-19,Nifty 100 TRI,18122.23
2022-08-22,Nifty 100 TRI,18257.67
2022-08-23,Nifty 100 TRI,18095.26
2022-08-24,Nifty 100 TRI,17780.19
2022-08-25,Nifty 100 TRI,17713.72
2022-08-26,Nifty 100 TRI,17937.84
2022-08-29,Nifty 100 TRI,18072.66
2022-08-30,Nifty 100 TRI,18077.76
2022-08-31,Nifty 100 TRI,18000.32
2022-09-01,Nifty 100 TRI,17928.55
2022-09-02,Nifty 100 TRI,17955.38
2022-09-05,Nifty 100 TRI,17749.74
2022-09-06,Nifty 100 TRI,17687.1
2022-09-07,Nifty 100 TRI,17650.47
2022-09-08,Nifty 100 TRI,17393.44
2022-09-09,Nifty 100 TRI,17238.24
2022-09-12,Nifty 100 TRI,17321.25
2022-09-13,Nifty 100 TRI,17328.26
2022-09-14,Nifty 100 TRI,17274.61
2022-09-15,Nifty 100 TRI,17106.6
2022-09-16,Nifty 100 TRI,17408.45
2022-09-19,Nifty 100 TRI,17253.21
2022-09-20,Nifty 100 TRI,17306.13
2022-09-21,Nifty 100 TRI,17218.45
2022-09-22,Nifty 100 TRI,17230.49
2022-09-23,Nifty 100 TRI,17322.39
2022-09-26,Nifty 100 TRI,17066.49
2022-09-27,Nifty 100 TRI,17070.37
2022-09-28,Nifty 100 TRI,17299.08
2022-09-29,Nifty 100 TRI,17639.46
2022-09-30,Nifty 100 TRI,17619.53
2022-10-03,Nifty 100 TRI,17632.89
2022-10-04,Nifty 100 TRI,18067.09
2022-10-05,Nifty 100 TRI,18298.07
2022-10-06,Nifty 100 TRI,18179.31
2022-10-07,Nifty 100 TRI,18060.98
2022-10-10,Nifty 100 TRI,18256.44
2022-10-11,Nifty 100 TRI,18058.88
2022-10-12,Nifty 100 TRI,18280.37
2022-10-13,Nifty 100 TRI,18353.08
2022-10-14,Nifty 100 TRI,18463.1
2022-10-17,Nifty 100 TRI,18416.5
2022-10-18,Nifty 100 TRI,18294.44
2022-10-19,Nifty 100 TRI,18594.13
2022-10-20,Nifty 100 TRI,18549.25
2022-10-21,Nifty 100 TRI,18470.96
2022-10-24,Nifty 100 TRI,18460.22
2022-10-25,Nifty 100 TRI,18504.96
2022-10-26,Nifty 100 TRI,18300.68
2022-10-27,Nifty 100 TRI,18192.46
2022-10-28,Nifty 100 TRI,18074.23
2022-10-31,Nifty 100 TRI,18247.71
2022-11-01,Nifty 100 TRI,18075.35
2022-11-02,Nifty 100 TRI,17731.68
2022-11-03,Nifty 100 TRI,17353.32
2022-11-04,Nifty 100 TRI,17077.85
2022-11-07,Nifty 100 TRI,17338.75
2022-11-08,Nifty 100 TRI,17347.04
2022-11-09,Nifty 100 TRI,17447.89
2022-11-10,Nifty 100 TRI,17556.09
2022-11-11,Nifty 100 TRI,17572.21
2022-11-14,Nifty 100 TRI,17563.02
2022-11-15,Nifty 100 TRI,17770.09
2022-11-16,Nifty 100 TRI,17803.96
2022-11-17,Nifty 100 TRI,18083.3
2022-11-18,Nifty 100 TRI,18212.22
2022-11-21,Nifty 100 TRI,18093.92
2022-11-22,Nifty 100 TRI,18000.4
2022-11-23,Nifty 100 TRI,17861.76
2022-11-24,Nifty 100 TRI,18106.34
2022-11-25,Nifty 100 TRI,18031.1
2022-11-28,Nifty 100 TRI,17878.14
2022-11-29,Nifty 100 TRI,17946.39
2022-11-30,Nifty 100 TRI,17932.59
2022-12-01,Nifty 100 TRI,17996.08
2022-12-02,Nifty 100 TRI,18375.58
2022-12-05,Nifty 100 TRI,18565.65
2022-12-06,Nifty 100 TRI,18576.74
2022-12-07,Nifty 100 TRI,18294.51
2022-12-08,Nifty 100 TRI,18199.38
2022-12-09,Nifty 100 TRI,18347.19
2022-12-12,Nifty 100 TRI,18116.35
2022-12-13,Nifty 100 TRI,18548.44
2022-12-14,Nifty 100 TRI,18556.95
2022-12-15,Nifty 100 TRI,18572.49
2022-12-16,Nifty 100 TRI,18441.86
2022-12-19,Nifty 100 TRI,18548.16
2022-12-20,Nifty 100 TRI,18317.46
2022-12-21,Nifty 100 TRI,18759.17
2022-12-22,Nifty 100 TRI,19036.63
2022-12-23,Nifty 100 TRI,19248.46
2022-12-26,Nifty 100 TRI,18959.83
2022-12-27,Nifty 100 TRI,19008.36
2022-12-28,Nifty 100 TRI,19266.87
2022-12-29,Nifty 100 TRI,19398.35
2022-12-30,Nifty 100 TRI,19190.34
2023-01-02,Nifty 100 TRI,19058.87
2023-01-03,Nifty 100 TRI,18969.84
2023-01-04,Nifty 100 TRI,18849.61
2023-01-05,Nifty 100 TRI,19172.25
2023-01-06,Nifty 100 TRI,18772.87
2023-01-09,Nifty 100 TRI,18913.95
2023-01-10,Nifty 100 TRI,18650.76
2023-01-11,Nifty 100 TRI,18459.14
2023-01-12,Nifty 100 TRI,18056.6
2023-01-13,Nifty 100 TRI,17952.96
2023-01-16,Nifty 100 TRI,18256.69
2023-01-17,Nifty 100 TRI,18315.35
2023-01-18,Nifty 100 TRI,18079.42
2023-01-19,Nifty 100 TRI,18287.12
2023-01-20,Nifty 100 TRI,18540.3
2023-01-23,Nifty 100 TRI,18567.08
2023-01-24,Nifty 100 TRI,18988.22
2023-01-25,Nifty 100 TRI,19165.52
2023-01-26,Nifty 100 TRI,19315.19
2023-01-27,Nifty 100 TRI,19150.29
2023-01-30,Nifty 100 TRI,19288.2
2023-01-31,Nifty 100 TRI,19339.98
2023-02-01,Nifty 100 TRI,19456.37
2023-02-02,Nifty 100 TRI,19315.69
2023-02-03,Nifty 100 TRI,19348.7
2023-02-06,Nifty 100 TRI,19180.65
2023-02-07,Nifty 100 TRI,18733.39
2023-02-08,Nifty 100 TRI,18944.73
2023-02-09,Nifty 100 TRI,18637.32
2023-02-10,Nifty 100 TRI,18664.89
2023-02-13,Nifty 100 TRI,18738.86
2023-02-14,Nifty 100 TRI,18811.79
2023-02-15,Nifty 100 TRI,18758.86
2023-02-16,Nifty 100 TRI,18820.45
2023-02-17,Nifty 100 TRI,18923.6
2023-02-20,Nifty 100 TRI,19082.27
2023-02-21,Nifty 100 TRI,19451.85
2023-02-22,Nifty 100 TRI,19507.8
2023-02-23,Nifty 100 TRI,19527.39
2023-02-24,Nifty 100 TRI,19338.48
2023-02-27,Nifty 100 TRI,19437.02
2023-02-28,Nifty 100 TRI,19585.54
2023-03-01,Nifty 100 TRI,19549.99
2023-03-02,Nifty 100 TRI,19672.97
2023-03-03,Nifty 100 TRI,19615.57
2023-03-06,Nifty 100 TRI,19766.24
2023-03-07,Nifty 100 TRI,19970.59
2023-03-08,Nifty 100 TRI,20173.99
2023-03-09,Nifty 100 TRI,20206.2
2023-03-10,Nifty 100 TRI,19981.11
2023-03-13,Nifty 100 TRI,19852.61
2023-03-14,Nifty 100 TRI,19988.53
2023-03-15,Nifty 100 TRI,20532.96
2023-03-16,Nifty 100 TRI,20462.16
2023-03-17,Nifty 100 TRI,20570.9
2023-03-20,Nifty 100 TRI,20451.25
2023-03-21,Nifty 100 TRI,20238.28
2023-03-22,Nifty 100 TRI,20093.79
2023-03-23,Nifty 100 TRI,19639.52
2023-03-24,Nifty 100 TRI,19937.81
2023-03-27,Nifty 100 TRI,19454.68
2023-03-28,Nifty 100 TRI,19404.06
2023-03-29,Nifty 100 TRI,19158.42
2023-03-30,Nifty 100 TRI,18977.79
2023-03-31,Nifty 100 TRI,19270.84
2023-04-03,Nifty 100 TRI,19319.24
2023-04-04,Nifty 100 TRI,19119.88
2023-04-05,Nifty 100 TRI,19001.63
2023-04-06,Nifty 100 TRI,18847.33
2023-04-07,Nifty 100 TRI,18843.96
2023-04-10,Nifty 100 TRI,18885.45
2023-04-11,Nifty 100 TRI,19284.9
2023-04-12,Nifty 100 TRI,18884.17
2023-04-13,Nifty 100 TRI,18882.61
2023-04-14,Nifty 100 TRI,18822.72
2023-04-17,Nifty 100 TRI,19024.35
2023-04-18,Nifty 100 TRI,19104.31
2023-04-19,Nifty 100 TRI,19234.11
2023-04-20,Nifty 100 TRI,19312.89
2023-04-21,Nifty 100 TRI,19120.69
2023-04-24,Nifty 100 TRI,19381.19
2023-04-25,Nifty 100 TRI,19557.24
2023-04-26,Nifty 100 TRI,19760.06
2023-04-27,Nifty 100 TRI,20040.75
2023-04-28,Nifty 100 TRI,20138.83
2023-05-01,Nifty 100 TRI,20472.96
2023-05-02,Nifty 100 TRI,20564.14
2023-05-03,Nifty 100 TRI,20520.76
2023-05-04,Nifty 100 TRI,20525.43
2023-05-05,Nifty 100 TRI,20526.2
2023-05-08,Nifty 100 TRI,20415.09
2023-05-09,Nifty 100 TRI,20787.68
2023-05-10,Nifty 100 TRI,20861.67
2023-05-11,Nifty 100 TRI,20889.66
2023-05-12,Nifty 100 TRI,20985.15
2023-05-15,Nifty 100 TRI,21679.31
2023-05-16,Nifty 100 TRI,21415.93
2023-05-17,Nifty 100 TRI,21223.28
2023-05-18,Nifty 100 TRI,20907.34
2023-05-19,Nifty 100 TRI,20860.12
2023-05-22,Nifty 100 TRI,20922.72
2023-05-23,Nifty 100 TRI,20821.9
2023-05-24,Nifty 100 TRI,20704.53
2023-05-25,Nifty 100 TRI,20743.17
2023-05-26,Nifty 100 TRI,20634.83
2023-05-29,Nifty 100 TRI,20711.42
2023-05-30,Nifty 100 TRI,20971.49
2023-05-31,Nifty 100 TRI,21133.96
2023-06-01,Nifty 100 TRI,21345.11
2023-06-02,Nifty 100 TRI,21606.48
2023-06-05,Nifty 100 TRI,21680.19
2023-06-06,Nifty 100 TRI,21648.86
2023-06-07,Nifty 100 TRI,21471.45
2023-06-08,Nifty 100 TRI,21385.5
2023-06-09,Nifty 100 TRI,21268.72
2023-06-12,Nifty 100 TRI,21446.28
2023-06-13,Nifty 100 TRI,21534.53
2023-06-14,Nifty 100 TRI,21706.04
2023-06-15,Nifty 100 TRI,21435.5
2023-06-16,Nifty 100 TRI,21779.52
2023-06-19,Nifty 100 TRI,21683.76
2023-06-20,Nifty 100 TRI,21427.89
2023-06-21,Nifty 100 TRI,21330.79
2023-06-22,Nifty 100 TRI,21919.98
2023-06-23,Nifty 100 TRI,21833.07
2023-06-26,Nifty 100 TRI,21761.54
2023-06-27,Nifty 100 TRI,21722.08
2023-06-28,Nifty 100 TRI,21693.09
2023-06-29,Nifty 100 TRI,21513.12
2023-06-30,Nifty 100 TRI,21553.46
2023-07-03,Nifty 100 TRI,21814.94
2023-07-04,Nifty 100 TRI,21896.9
2023-07-05,Nifty 100 TRI,21635.83
2023-07-06,Nifty 100 TRI,21560.37
2023-07-07,Nifty 100 TRI,21436.03
2023-07-10,Nifty 100 TRI,21454.95
2023-07-11,Nifty 100 TRI,21775.38
2023-07-12,Nifty 100 TRI,21746.25
2023-07-13,Nifty 100 TRI,21731.68
2023-07-14,Nifty 100 TRI,22163.15
2023-07-17,Nifty 100 TRI,22383.41
2023-07-18,Nifty 100 TRI,22531.47
2023-07-19,Nifty 100 TRI,23023.55
2023-07-20,Nifty 100 TRI,23154.5
2023-07-21,Nifty 100 TRI,22655.48
2023-07-24,Nifty 100 TRI,22869.79
2023-07-25,Nifty 100 TRI,22476.15
2023-07-26,Nifty 100 TRI,22594.65
2023-07-27,Nifty 100 TRI,22175.49
2023-07-28,Nifty 100 TRI,22068.26
2023-07-31,Nifty 100 TRI,21986.57
2023-08-01,Nifty 100 TRI,21806.91
2023-08-02,Nifty 100 TRI,21729.78
2023-08-03,Nifty 100 TRI,21983.11
2023-08-04,Nifty 100 TRI,21817.06
2023-08-07,Nifty 100 TRI,21954.43
2023-08-08,Nifty 100 TRI,21727.81
2023-08-09,Nifty 100 TRI,21689.04
2023-08-10,Nifty 100 TRI,21772.81
2023-08-11,Nifty 100 TRI,21540.67
2023-08-14,Nifty 100 TRI,21236.32
2023-08-15,Nifty 100 TRI,21357.6
2023-08-16,Nifty 100 TRI,21627.85
2023-08-17,Nifty 100 TRI,21615.53
2023-08-18,Nifty 100 TRI,21513.28
2023-08-21,Nifty 100 TRI,21556.57
2023-08-22,Nifty 100 TRI,21576.2
2023-08-23,Nifty 100 TRI,21640.32
2023-08-24,Nifty 100 TRI,21044.98
2023-08-25,Nifty 100 TRI,20803.8
2023-08-28,Nifty 100 TRI,20616.62
2023-08-29,Nifty 100 TRI,20657.02
2023-08-30,Nifty 100 TRI,20705.45
2023-08-31,Nifty 100 TRI,20856.56
2023-09-01,Nifty 100 TRI,20921.91
2023-09-04,Nifty 100 TRI,20628.83
2023-09-05,Nifty 100 TRI,20963.37
2023-09-06,Nifty 100 TRI,21262.96
2023-09-07,Nifty 100 TRI,20975.06
2023-09-08,Nifty 100 TRI,21058.11
2023-09-11,Nifty 100 TRI,20926.51
2023-09-12,Nifty 100 TRI,20964.75
2023-09-13,Nifty 100 TRI,21213.95
2023-09-14,Nifty 100 TRI,21717.38
2023-09-15,Nifty 100 TRI,21903.37
2023-09-18,Nifty 100 TRI,21981.0
2023-09-19,Nifty 100 TRI,21905.43
2023-09-20,Nifty 100 TRI,21955.89
2023-09-21,Nifty 100 TRI,22290.88
2023-09-22,Nifty 100 TRI,22286.6
2023-09-25,Nifty 100 TRI,22076.06
2023-09-26,Nifty 100 TRI,21689.36
2023-09-27,Nifty 100 TRI,21818.27
2023-09-28,Nifty 100 TRI,21884.17
2023-09-29,Nifty 100 TRI,21735.24
2023-10-02,Nifty 100 TRI,21987.07
2023-10-03,Nifty 100 TRI,21891.66
2023-10-04,Nifty 100 TRI,21865.8
2023-10-05,Nifty 100 TRI,21868.35
2023-10-06,Nifty 100 TRI,21790.49
2023-10-09,Nifty 100 TRI,21853.56
2023-10-10,Nifty 100 TRI,22136.93
2023-10-11,Nifty 100 TRI,21865.37
2023-10-12,Nifty 100 TRI,21989.43
2023-10-13,Nifty 100 TRI,22037.67
2023-10-16,Nifty 100 TRI,22081.56
2023-10-17,Nifty 100 TRI,22299.95
2023-10-18,Nifty 100 TRI,22318.73
2023-10-19,Nifty 100 TRI,22443.33
2023-10-20,Nifty 100 TRI,22626.79
2023-10-23,Nifty 100 TRI,22508.04
2023-10-24,Nifty 100 TRI,22588.87
2023-10-25,Nifty 100 TRI,22533.33
2023-10-26,Nifty 100 TRI,22507.2
2023-10-27,Nifty 100 TRI,22434.22
2023-10-30,Nifty 100 TRI,22557.2
2023-10-31,Nifty 100 TRI,22584.23
2023-11-01,Nifty 100 TRI,22689.02
2023-11-02,Nifty 100 TRI,22691.45
2023-11-03,Nifty 100 TRI,22297.86
2023-11-06,Nifty 100 TRI,22312.25
2023-11-07,Nifty 100 TRI,22334.53
2023-11-08,Nifty 100 TRI,22400.84
2023-11-09,Nifty 100 TRI,22261.26
2023-11-10,Nifty 100 TRI,21975.19
2023-11-13,Nifty 100 TRI,22132.77
2023-11-14,Nifty 100 TRI,22072.8
2023-11-15,Nifty 100 TRI,22121.0
2023-11-16,Nifty 100 TRI,22059.15
2023-11-17,Nifty 100 TRI,22064.29
2023-11-20,Nifty 100 TRI,21961.87
2023-11-21,Nifty 100 TRI,21734.59
2023-11-22,Nifty 100 TRI,21854.37
2023-11-23,Nifty 100 TRI,21715.93
2023-11-24,Nifty 100 TRI,21761.61
2023-11-27,Nifty 100 TRI,21866.4
2023-11-28,Nifty 100 TRI,21731.81
2023-11-29,Nifty 100 TRI,21450.54
2023-11-30,Nifty 100 TRI,22029.43
2023-12-01,Nifty 100 TRI,21908.14
2023-12-04,Nifty 100 TRI,22064.95
2023-12-05,Nifty 100 TRI,22542.31
2023-12-06,Nifty 100 TRI,22744.94
2023-12-07,Nifty 100 TRI,22676.59
2023-12-08,Nifty 100 TRI,22666.66
2023-12-11,Nifty 100 TRI,22465.86
2023-12-12,Nifty 100 TRI,22690.49
2023-12-13,Nifty 100 TRI,22838.63
2023-12-14,Nifty 100 TRI,22716.25
2023-12-15,Nifty 100 TRI,22462.65
2023-12-18,Nifty 100 TRI,22142.92
2023-12-19,Nifty 100 TRI,22389.85
2023-12-20,Nifty 100 TRI,22426.22
2023-12-21,Nifty 100 TRI,22485.98
2023-12-22,Nifty 100 TRI,22289.17
2023-12-25,Nifty 100 TRI,21937.03
2023-12-26,Nifty 100 TRI,22175.9
2023-12-27,Nifty 100 TRI,22192.81
2023-12-28,Nifty 100 TRI,22420.94
2023-12-29,Nifty 100 TRI,22332.49
2024-01-01,Nifty 100 TRI,22281.01
2024-01-02,Nifty 100 TRI,22462.52
2024-01-03,Nifty 100 TRI,22650.21
2024-01-04,Nifty 100 TRI,22855.72
2024-01-05,Nifty 100 TRI,22788.36
2024-01-08,Nifty 100 TRI,22949.25
2024-01-09,Nifty 100 TRI,23236.11
2024-01-10,Nifty 100 TRI,23216.3
2024-01-11,Nifty 100 TRI,23092.13
2024-01-12,Nifty 100 TRI,23440.14
2024-01-15,Nifty 100 TRI,23278.43
2024-01-16,Nifty 100 TRI,23446.6
2024-01-17,Nifty 100 TRI,23438.56
2024-01-18,Nifty 100 TRI,22970.79
2024-01-19,Nifty 100 TRI,23262.86
2024-01-22,Nifty 100 TRI,22564.12
2024-01-23,Nifty 100 TRI,22078.42
2024-01-24,Nifty 100 TRI,22213.11
2024-01-25,Nifty 100 TRI,22348.57
2024-01-26,Nifty 100 TRI,22198.53
2024-01-29,Nifty 100 TRI,22241.29
2024-01-30,Nifty 100 TRI,21628.63
2024-01-31,Nifty 100 TRI,21803.32
2024-02-01,Nifty 100 TRI,21869.76
2024-02-02,Nifty 100 TRI,21865.34
2024-02-05,Nifty 100 TRI,21876.91
2024-02-06,Nifty 100 TRI,22002.17
2024-02-07,Nifty 100 TRI,22001.78
2024-02-08,Nifty 100 TRI,21554.82
2024-02-09,Nifty 100 TRI,22082.04
2024-02-12,Nifty 100 TRI,22380.35
2024-02-13,Nifty 100 TRI,22070.73
2024-02-14,Nifty 100 TRI,21993.56
2024-02-15,Nifty 100 TRI,21943.05
2024-02-16,Nifty 100 TRI,22210.04
2024-02-19,Nifty 100 TRI,21689.17
2024-02-20,Nifty 100 TRI,21576.62
2024-02-21,Nifty 100 TRI,21165.22
2024-02-22,Nifty 100 TRI,21105.2
2024-02-23,Nifty 100 TRI,21001.83
2024-02-26,Nifty 100 TRI,21026.55
2024-02-27,Nifty 100 TRI,20892.95
2024-02-28,Nifty 100 TRI,20726.62
2024-02-29,Nifty 100 TRI,20874.11
2024-03-01,Nifty 100 TRI,20984.77
2024-03-04,Nifty 100 TRI,21118.35
2024-03-05,Nifty 100 TRI,21083.59
2024-03-06,Nifty 100 TRI,20957.32
2024-03-07,Nifty 100 TRI,20936.21
2024-03-08,Nifty 100 TRI,21057.91
2024-03-11,Nifty 100 TRI,20560.0
2024-03-12,Nifty 100 TRI,20655.3
2024-03-13,Nifty 100 TRI,20731.74
2024-03-14,Nifty 100 TRI,20752.13
2024-03-15,Nifty 100 TRI,20724.27
2024-03-18,Nifty 100 TRI,20145.5
2024-03-19,Nifty 100 TRI,20054.07
2024-03-20,Nifty 100 TRI,20454.83
2024-03-21,Nifty 100 TRI,20463.87
2024-03-22,Nifty 100 TRI,20400.83
2024-03-25,Nifty 100 TRI,20410.75
2024-03-26,Nifty 100 TRI,20496.52
2024-03-27,Nifty 100 TRI,20651.21
2024-03-28,Nifty 100 TRI,20605.41
2024-03-29,Nifty 100 TRI,20707.91
2024-04-01,Nifty 100 TRI,21096.04
2024-04-02,Nifty 100 TRI,21335.87
2024-04-03,Nifty 100 TRI,21891.53
2024-04-04,Nifty 100 TRI,21739.94
2024-04-05,Nifty 100 TRI,22147.31
2024-04-08,Nifty 100 TRI,21961.33
2024-04-09,Nifty 100 TRI,22053.33
2024-04-10,Nifty 100 TRI,22237.63
2024-04-11,Nifty 100 TRI,22119.36
2024-04-12,Nifty 100 TRI,22147.4
2024-04-15,Nifty 100 TRI,22375.85
2024-04-16,Nifty 100 TRI,22207.74
2024-04-17,Nifty 100 TRI,22622.21
2024-04-18,Nifty 100 TRI,22284.45
2024-04-19,Nifty 100 TRI,22766.61
2024-04-22,Nifty 100 TRI,23024.2
2024-04-23,Nifty 100 TRI,23008.39
2024-04-24,Nifty 100 TRI,22913.38
2024-04-25,Nifty 100 TRI,22792.46
2024-04-26,Nifty 100 TRI,22765.25
2024-04-29,Nifty 100 TRI,22759.93
2024-04-30,Nifty 100 TRI,23081.02
2024-05-01,Nifty 100 TRI,23587.77
2024-05-02,Nifty 100 TRI,23646.58
2024-05-03,Nifty 100 TRI,23433.71
2024-05-06,Nifty 100 TRI,23300.07
2024-05-07,Nifty 100 TRI,23260.13
2024-05-08,Nifty 100 TRI,23003.54
2024-05-09,Nifty 100 TRI,22712.12
2024-05-10,Nifty 100 TRI,23242.87
2024-05-13,Nifty 100 TRI,23327.21
2024-05-14,Nifty 100 TRI,23120.43
2024-05-15,Nifty 100 TRI,23335.05
2024-05-16,Nifty 100 TRI,23039.58
2024-05-17,Nifty 100 TRI,22768.73
2024-05-20,Nifty 100 TRI,22574.43
2024-05-21,Nifty 100 TRI,22992.05
2024-05-22,Nifty 100 TRI,22934.99
2024-05-23,Nifty 100 TRI,22325.87
2024-05-24,Nifty 100 TRI,22629.74
2024-05-27,Nifty 100 TRI,22560.26
2024-05-28,Nifty 100 TRI,22108.07
2024-05-29,Nifty 100 TRI,22037.69
2024-05-30,Nifty 100 TRI,22170.6
2024-05-31,Nifty 100 TRI,22275.79
2024-06-03,Nifty 100 TRI,22723.15
2024-06-04,Nifty 100 TRI,22516.81
2024-06-05,Nifty 100 TRI,22535.14
2024-06-06,Nifty 100 TRI,22368.48
2024-06-07,Nifty 100 TRI,21995.73
2024-06-10,Nifty 100 TRI,22216.59
2024-06-11,Nifty 100 TRI,22336.47
2024-06-12,Nifty 100 TRI,22412.87
2024-06-13,Nifty 100 TRI,22524.81
2024-06-14,Nifty 100 TRI,22361.73
2024-06-17,Nifty 100 TRI,22121.06
2024-06-18,Nifty 100 TRI,22136.86
2024-06-19,Nifty 100 TRI,22426.26
2024-06-20,Nifty 100 TRI,22829.68
2024-06-21,Nifty 100 TRI,23036.28
2024-06-24,Nifty 100 TRI,23050.59
2024-06-25,Nifty 100 TRI,23125.91
2024-06-26,Nifty 100 TRI,23135.8
2024-06-27,Nifty 100 TRI,22881.64
2024-06-28,Nifty 100 TRI,22894.71
2024-07-01,Nifty 100 TRI,22565.41
2024-07-02,Nifty 100 TRI,22541.38
2024-07-03,Nifty 100 TRI,22953.83
2024-07-04,Nifty 100 TRI,23168.48
2024-07-05,Nifty 100 TRI,22940.17
2024-07-08,Nifty 100 TRI,22928.77
2024-07-09,Nifty 100 TRI,22725.21
2024-07-10,Nifty 100 TRI,22716.4
2024-07-11,Nifty 100 TRI,22983.37
2024-07-12,Nifty 100 TRI,23155.35
2024-07-15,Nifty 100 TRI,23795.03
2024-07-16,Nifty 100 TRI,24114.3
2024-07-17,Nifty 100 TRI,24175.64
2024-07-18,Nifty 100 TRI,24362.97
2024-07-19,Nifty 100 TRI,24316.03
2024-07-22,Nifty 100 TRI,24021.74
2024-07-23,Nifty 100 TRI,24373.99
2024-07-24,Nifty 100 TRI,24651.82
2024-07-25,Nifty 100 TRI,24593.85
2024-07-26,Nifty 100 TRI,24675.34
2024-07-29,Nifty 100 TRI,25019.57
2024-07-30,Nifty 100 TRI,25260.0
2024-07-31,Nifty 100 TRI,24861.04
2024-08-01,Nifty 100 TRI,24935.12
2024-08-02,Nifty 100 TRI,24896.63
2024-08-05,Nifty 100 TRI,25208.9
2024-08-06,Nifty 100 TRI,25502.37
2024-08-07,Nifty 100 TRI,25879.93
2024-08-08,Nifty 100 TRI,25569.45
2024-08-09,Nifty 100 TRI,25356.58
2024-08-12,Nifty 100 TRI,25674.93
2024-08-13,Nifty 100 TRI,25515.54
2024-08-14,Nifty 100 TRI,25096.17
2024-08-15,Nifty 100 TRI,25250.72
2024-08-16,Nifty 100 TRI,25106.31
2024-08-19,Nifty 100 TRI,25608.12
2024-08-20,Nifty 100 TRI,25699.24
2024-08-21,Nifty 100 TRI,25752.25
2024-08-22,Nifty 100 TRI,25655.38
2024-08-23,Nifty 100 TRI,26112.02
2024-08-26,Nifty 100 TRI,26222.85
2024-08-27,Nifty 100 TRI,26112.88
2024-08-28,Nifty 100 TRI,25892.62
2024-08-29,Nifty 100 TRI,25879.46
2024-08-30,Nifty 100 TRI,25608.92
2024-09-02,Nifty 100 TRI,25906.43
2024-09-03,Nifty 100 TRI,25398.88
2024-09-04,Nifty 100 TRI,25367.52
2024-09-05,Nifty 100 TRI,25545.38
2024-09-06,Nifty 100 TRI,25649.18
2024-09-09,Nifty 100 TRI,25454.5
2024-09-10,Nifty 100 TRI,25647.01
2024-09-11,Nifty 100 TRI,25404.74
2024-09-12,Nifty 100 TRI,25406.1
2024-09-13,Nifty 100 TRI,25595.89
2024-09-16,Nifty 100 TRI,25733.91
2024-09-17,Nifty 100 TRI,25550.54
2024-09-18,Nifty 100 TRI,25894.77
2024-09-19,Nifty 100 TRI,25927.23
2024-09-20,Nifty 100 TRI,26146.91
2024-09-23,Nifty 100 TRI,26594.55
2024-09-24,Nifty 100 TRI,26929.45
2024-09-25,Nifty 100 TRI,27269.34
2024-09-26,Nifty 100 TRI,27335.32
2024-09-27,Nifty 100 TRI,27582.24
2024-09-30,Nifty 100 TRI,27655.32
2024-10-01,Nifty 100 TRI,27295.73
2024-10-02,Nifty 100 TRI,27394.82
2024-10-03,Nifty 100 TRI,27480.29
2024-10-04,Nifty 100 TRI,27664.99
2024-10-07,Nifty 100 TRI,27634.34
2024-10-08,Nifty 100 TRI,27411.16
2024-10-09,Nifty 100 TRI,27617.34
2024-10-10,Nifty 100 TRI,27226.66
2024-10-11,Nifty 100 TRI,27671.74
2024-10-14,Nifty 100 TRI,27609.6
2024-10-15,Nifty 100 TRI,27692.45
2024-10-16,Nifty 100 TRI,27870.9
2024-10-17,Nifty 100 TRI,28060.36
2024-10-18,Nifty 100 TRI,27633.87
2024-10-21,Nifty 100 TRI,27892.66
2024-10-22,Nifty 100 TRI,27994.04
2024-10-23,Nifty 100 TRI,27806.82
2024-10-24,Nifty 100 TRI,27585.86
2024-10-25,Nifty 100 TRI,27492.77
2024-10-28,Nifty 100 TRI,27108.25
2024-10-29,Nifty 100 TRI,27629.95
2024-10-30,Nifty 100 TRI,28089.92
2024-10-31,Nifty 100 TRI,28237.92
2024-11-01,Nifty 100 TRI,28177.0
2024-11-04,Nifty 100 TRI,28124.36
2024-11-05,Nifty 100 TRI,28367.32
2024-11-06,Nifty 100 TRI,28924.34
2024-11-07,Nifty 100 TRI,28751.54
2024-11-08,Nifty 100 TRI,28406.71
2024-11-11,Nifty 100 TRI,28898.83
2024-11-12,Nifty 100 TRI,28339.39
2024-11-13,Nifty 100 TRI,28033.5
2024-11-14,Nifty 100 TRI,27965.78
2024-11-15,Nifty 100 TRI,27494.15
2024-11-18,Nifty 100 TRI,27838.75
2024-11-19,Nifty 100 TRI,28109.51
2024-11-20,Nifty 100 TRI,27940.21
2024-11-21,Nifty 100 TRI,28341.87
2024-11-22,Nifty 100 TRI,28802.21
2024-11-25,Nifty 100 TRI,28774.99
2024-11-26,Nifty 100 TRI,28640.98
2024-11-27,Nifty 100 TRI,29361.46
2024-11-28,Nifty 100 TRI,29603.19
2024-11-29,Nifty 100 TRI,29695.53
2024-12-02,Nifty 100 TRI,30149.85
2024-12-03,Nifty 100 TRI,30259.03
2024-12-04,Nifty 100 TRI,30099.81
2024-12-05,Nifty 100 TRI,30135.38
2024-12-06,Nifty 100 TRI,30488.72
2024-12-09,Nifty 100 TRI,29829.74
2024-12-10,Nifty 100 TRI,29744.18
2024-12-11,Nifty 100 TRI,30205.62
2024-12-12,Nifty 100 TRI,30044.6
2024-12-13,Nifty 100 TRI,30564.59
2024-12-16,Nifty 100 TRI,31049.41
2024-12-17,Nifty 100 TRI,31036.35
2024-12-18,Nifty 100 TRI,30851.56
2024-12-19,Nifty 100 TRI,30763.29
2024-12-20,Nifty 100 TRI,31674.22
2024-12-23,Nifty 100 TRI,32336.8
2024-12-24,Nifty 100 TRI,32391.1
2024-12-25,Nifty 100 TRI,32184.14
2024-12-26,Nifty 100 TRI,32235.23
2024-12-27,Nifty 100 TRI,32331.35
2024-12-30,Nifty 100 TRI,31898.86
2024-12-31,Nifty 100 TRI,31936.51
